{
  "id": "",
  "name": "",
  "font_family": "iconfont",
  "css_prefix_text": "icon-",
  "description": "",
  "glyphs": [
    {
      "icon_id": "1306",
      "name": "购物车空",
      "font_class": "gouwuchekong",
      "unicode": "f0179",
      "unicode_decimal": 983417
    },
    {
      "icon_id": "90513",
      "name": "15天无理由退货",
      "font_class": "15tianwuliyoutuihuo",
      "unicode": "e606",
      "unicode_decimal": 58886
    },
    {
      "icon_id": "720977",
      "name": "坐标",
      "font_class": "xiazai19",
      "unicode": "e613",
      "unicode_decimal": 58899
    },
    {
      "icon_id": "736502",
      "name": "礼物",
      "font_class": "liwu",
      "unicode": "e611",
      "unicode_decimal": 58897
    },
    {
      "icon_id": "1089338",
      "name": "维修",
      "font_class": "buoumaotubiao46",
      "unicode": "e629",
      "unicode_decimal": 58921
    },
    {
      "icon_id": "1301375",
      "name": "搜索",
      "font_class": "sousuo",
      "unicode": "e661",
      "unicode_decimal": 58977
    },
    {
      "icon_id": "1667297",
      "name": "坐标",
      "font_class": "zuobiao",
      "unicode": "e637",
      "unicode_decimal": 58935
    },
    {
      "icon_id": "5258984",
      "name": "箭头",
      "font_class": "jiantou",
      "unicode": "e60d",
      "unicode_decimal": 58893
    },
    {
      "icon_id": "14966524",
      "name": "7天退换货",
      "font_class": "7tiantuihuanhuo",
      "unicode": "e61f",
      "unicode_decimal": 58911
    },
    {
      "icon_id": "17729049",
      "name": "箭头",
      "font_class": "jiantou1",
      "unicode": "e83b",
      "unicode_decimal": 59451
    }
  ]
}
